netecon.com.br,
espn.com.br,
fastfrango.com.br,
frangofast.com.br,
88corretora.com.br,
bcbank.com.br,
beneficiobank.com.br,
bienbank.com.br,
biengroup.com.br,
corretora88.com.br,
digitalpass.com.br,
grupobien.com.br,
mastermeta.com.br,
metamobilidade.com.br,
peasy.com.br,
portalbeneficiodigital.com.br,
csc.srv.br,
smilenet.com.br,
AXISPET.COM.BR,
AXISPLUS.COM.BR,
AXISPRIME.COM.BR,
AXISWAY.COM.BR,
CERTOBENEFICIOS.COM.BR,
BCBENEFICIOS.COM.BR,
BCERTO.COM.BR,
BCERTOBRASIL.COM.BR,
BCSERV.COM.BR,
BENECERTO.COM.BR,
BENEFICIOAPP.COM.BR,
BENEFICIOCERTOBRASIL.COM.BR,
BENRH.COM.BR,
CANALSPTRANS.COM.BR,
CANTINACERTA.COM.BR,
CERTOASSIST.COM.BR,
CERTOBRASIL.COM.BR,
CESTAPET.COM.BR,
INCLUIRBENEFICIOS.COM.BR,
INCLUIRSERVICOS.COM.BR,
INCLUIRSOLUCOES.COM.BR,
LIFEVALE.COM.BR,
LIFEVT.COM.BR,
LIVROVALETRANSPORTE.COM.BR,
METABENEFICIO.COM.BR,
METABENEFICIOS.COM.BR,
PETCESTA.COM.BR,
PRIMETIX.COM.BR,
REDESERVPET.COM.BR,
SERVPET.COM.BR,
SIGURAN.COM.BR,
SISPETIX.COM.BR,
VENDASPTRANS.COM.BR,
VTBENEFICIODIGITAL.COM.BR,
VTBTR.COM.BR,
VTBUSPAY.COM.BR,
VTECON.COM.BR,
VTINCLUIR.COM.BR,
VTMETAMOBIL.COM.BR,
VTSWILE.COM.BR,
certobeneficio.com.br,
serviq.com.br,
portalbeneficiocerto.com.br,
incluir.com.br,
vtup.com.br,
vtbeneficiodigital.com.br,
netbeneficios.com.br,
BCCARD.COM.BR,
BENEFICIODIGITAL.COM.BR,
BENEFICIODIGITAL.DEV.BR,
BENEFICIOWEB.COM.BR,
MEUBCCARD.COM.BR,
MULTIBUS.COM.BR,
PETCLUBDIGITAL.COM.BR,
bcbeneficios.com.br,
bcerto.com.br,
bcertobrasil.com.br,
bcserv.com.br,
benecerto.com.br,
beneficioapp.com.br,
beneficiocerto.com.br,
beneficiocerto.net,
beneficiocerto.org,
beneficiocertobrasil.com.br,
benrh.com.br,
canalsptrans.com.br,
cantinacerta.com,
cantinacerta.com.br,
certoassist.com.br,
certobrasil.com,
certobrasil.com.br,
cestapet.com.br,
incluirbeneficios.com.br,
lifevale.com.br,
petcesta.com.br,
lifevt.com.br,
plandata.com.br,
primetix.com.br,
procertoseguros.com.br,
siguran.com.br,
vendasptrans.com.br,
vtecon.com.br,
Hospedagem II 
certificados alphassl,
Hospedagem I,
Certificados alphassl
beneficioflex.com.br,
beneficiodigital.com,
bancobeneficio.com,
metamobilidade.com,
